{
  "auroc": 0.7772,
  "auprc": 0.4398,
  "auroc_ci_95_lo": 0.7310731850547043,
  "auroc_ci_95_hi": 0.8210194862310093,
  "n_pathogenic": 118,
  "n_benign": 419,
  "knn_k": 5,
  "knn_metric": "cosine",
  "cv_folds": 5,
  "model": "vthawfeek/mtdna-foundation-model",
  "random_auroc": 0.5,
  "random_auprc": 0.21973929236499068,
  "per_type": {
    "missense": {
      "auroc": 0.7263,
      "auprc": 0.3034,
      "n_pos": 56,
      "n_neg": 248
    },
    "tRNA": {
      "auroc": 0.7175,
      "auprc": 0.7725,
      "n_pos": 44,
      "n_neg": 21
    },
    "rRNA": {
      "auroc": 0.6389,
      "auprc": 0.1491,
      "n_pos": 5,
      "n_neg": 36
    },
    "d_loop": {
      "auroc": 0.4541,
      "auprc": 0.0045,
      "n_pos": 1,
      "n_neg": 109
    },
    "other": {
      "auroc": 0.2,
      "auprc": 0.4897,
      "n_pos": 12,
      "n_neg": 5
    }
  },
  "roc_curve": {
    "fpr": [
      0.00477326968973747,
      0.0405727923627685,
      0.1026252983293556,
      0.21479713603818615,
      0.4630071599045346,
      1.0
    ],
    "tpr": [
      0.0423728813559322,
      0.1694915254237288,
      0.3050847457627119,
      0.6864406779661016,
      0.8898305084745762,
      1.0
    ]
  },
  "pr_curve": {
    "precision": [
      0.7142857142857143,
      0.5405405405405406,
      0.45569620253164556,
      0.47368421052631576,
      0.3511705685618729,
      0.21973929236499068
    ],
    "recall": [
      0.0423728813559322,
      0.1694915254237288,
      0.3050847457627119,
      0.6864406779661016,
      0.8898305084745762,
      1.0
    ]
  },
  "elapsed_seconds": 478.5
}